Orop_thom	Oropetium_thomaeum	8
Zoys_japo	Zoysia_japonica	8
Erag_tef	Eragrostis_tef	8
Sacc_hybr	Saccharum_hybrid	7
Sorg_bico	Sorghum_bicolor	7
Zea_mays	Zea_mays	7
Cenc_amer	Cenchrus_americanus	7
Seta_ital	Setaria_italica	7
Trit_aest	Triticum_aestivum	6
Thin_elon	Thinopyrum_elongatum	6
Hord_vulg	Hordeum_vulgare	6
Pucc_tenu	Puccinellia_tenuiflora	6
Brac_dist	Brachypodium_distachyon	6
Dend_lati	Dendrocalamus_latiflorus	5
Dend_laA1	Dendrocalamus_latiflorus	5
Dend_laB1	Dendrocalamus_latiflorus	5
Dend_laC1	Dendrocalamus_latiflorus	5
Phyl_edul	Phyllostachys_edulis	5
Olyr_lati	Olyra_latifolia	5
Radd_dist	Raddia_distichophylla	5
Oryz_sati	Oryza_sativa	4
Oryz_offi	Oryza_officinalis	4
Oryz_brac	Oryza_brachyantha	4
Leer_perr	Leersia_perrieri	4
Ziza_lati	Zizania_latifolia	4
Phar_lati	Pharus_latifolius	3
Stre_angu	Streptochaeta_angustifolia	2
Anan_como	Ananas_comosus	1
